Country 1	Country 2	Weight
AUS	AUT	7
AUS	BEL	98
AUS	CAN	112
AUS	CZE	9
AUS	DNK	16
AUS	FIN	6
AUS	FRA	103
AUS	DEU	155
AUS	GRC	1
AUS	HUN	1
AUS	IRL	6
AUS	ITA	57
AUS	JPN	3791
AUS	MEX	32
AUS	NLD	184
AUS	NOR	8
AUS	POL	10
AUS	PRT	1
AUS	SWE	20
AUS	CHE	67
AUS	TUR	72
AUS	GBR	306
AUS	USA	743
AUS	CHL	29
AUS	EST	1
AUS	SVN	3
AUS	KOR	1545
AUS	NZL	589
AUS	ESP	36
AUS	BRA	58
AUS	CHN	7585
AUS	COL	4
AUS	IND	769
AUS	ISR	18
AUS	LVA	1
AUS	RUS	59
AUS	ZAF	106
AUT	AUS	73
AUT	BEL	186
AUT	CAN	102
AUT	CZE	483
AUT	DNK	74
AUT	FIN	54
AUT	FRA	655
AUT	DEU	4176
AUT	GRC	43
AUT	HUN	436
AUT	ISL	2
AUT	ITA	905
AUT	JPN	149
AUT	LUX	21
AUT	MEX	62
AUT	NLD	214
AUT	NOR	62
AUT	POL	401
AUT	PRT	30
AUT	SWE	153
AUT	CHE	701
AUT	TUR	138
AUT	GBR	396
AUT	USA	781
AUT	CHL	22
AUT	EST	14
AUT	SVN	275
AUT	IRL	90
AUT	KOR	94
AUT	NZL	13
AUT	SVK	277
AUT	ESP	215
AUT	BRA	94
AUT	CHN	347
AUT	COL	15
AUT	IND	72
AUT	ISR	29
AUT	LVA	17
AUT	LTU	21
AUT	RUS	384
AUT	ZAF	56
BEL	AUS	136
BEL	AUT	212
BEL	CAN	264
BEL	CZE	301
BEL	DNK	268
BEL	FIN	215
BEL	FRA	6127
BEL	DEU	6648
BEL	GRC	139
BEL	HUN	193
BEL	ISL	7
BEL	ITA	1752
BEL	JPN	389
BEL	LUX	678
BEL	MEX	117
BEL	NLD	4789
BEL	NOR	209
BEL	POL	636
BEL	PRT	182
BEL	SWE	538
BEL	CHE	546
BEL	TUR	517
BEL	GBR	2895
BEL	USA	2008
BEL	CHL	52
BEL	EST	36
BEL	SVN	58
BEL	IRL	181
BEL	KOR	151
BEL	NZL	23
BEL	SVK	104
BEL	ESP	940
BEL	BRA	377
BEL	CHN	810
BEL	COL	42
BEL	IND	875
BEL	ISR	233
BEL	LVA	32
BEL	LTU	98
BEL	RUS	570
BEL	ZAF	167
CAN	AUS	161
CAN	AUT	50
CAN	BEL	287
CAN	CZE	11
CAN	DNK	20
CAN	FIN	28
CAN	FRA	245
CAN	DEU	283
CAN	GRC	7
CAN	HUN	12
CAN	ISL	4
CAN	IRL	35
CAN	ITA	158
CAN	JPN	865
CAN	LUX	8
CAN	MEX	439
CAN	NLD	290
CAN	NOR	167
CAN	POL	37
CAN	PRT	19
CAN	SWE	29
CAN	CHE	142
CAN	TUR	74
CAN	GBR	1139
CAN	USA	28922
CAN	CHL	65
CAN	EST	2
CAN	SVN	1
CAN	KOR	278
CAN	NZL	32
CAN	SVK	4
CAN	ESP	76
CAN	BRA	200
CAN	CHN	1659
CAN	COL	58
CAN	IND	230
CAN	ISR	31
CAN	LVA	12
CAN	LTU	7
CAN	RUS	114
CAN	ZAF	38
CZE	AUS	52
CZE	AUT	590
CZE	BEL	347
CZE	CAN	36
CZE	DNK	111
CZE	FIN	65
CZE	FRA	666
CZE	DEU	4219
CZE	GRC	23
CZE	HUN	350
CZE	ISL	3
CZE	IRL	39
CZE	ITA	486
CZE	JPN	73
CZE	LUX	14
CZE	MEX	40
CZE	NLD	377
CZE	NOR	69
CZE	POL	804
CZE	PRT	38
CZE	SWE	202
CZE	CHE	209
CZE	TUR	184
CZE	GBR	651
CZE	USA	294
CZE	CHL	5
CZE	EST	22
CZE	SVN	57
CZE	KOR	48
CZE	NZL	6
CZE	SVK	1201
CZE	ESP	289
CZE	BRA	35
CZE	CHN	160
CZE	COL	4
CZE	IND	47
CZE	ISR	53
CZE	LVA	27
CZE	LTU	50
CZE	RUS	495
CZE	ZAF	42
DNK	AUS	87
DNK	AUT	58
DNK	BEL	121
DNK	CAN	81
DNK	CZE	71
DNK	FIN	268
DNK	FRA	308
DNK	DEU	1529
DNK	GRC	45
DNK	HUN	52
DNK	ISL	37
DNK	IRL	79
DNK	ITA	221
DNK	JPN	163
DNK	LUX	4
DNK	MEX	31
DNK	NLD	405
DNK	NOR	632
DNK	POL	231
DNK	PRT	29
DNK	SWE	1121
DNK	CHE	82
DNK	TUR	73
DNK	GBR	795
DNK	USA	650
DNK	CHL	24
DNK	EST	23
DNK	SVN	8
DNK	KOR	65
DNK	NZL	10
DNK	SVK	24
DNK	ESP	165
DNK	BRA	110
DNK	CHN	288
DNK	COL	9
DNK	IND	33
DNK	ISR	19
DNK	LVA	26
DNK	LTU	41
DNK	RUS	176
DNK	ZAF	35
FIN	AUS	67
FIN	AUT	47
FIN	BEL	220
FIN	CAN	105
FIN	CZE	34
FIN	DNK	135
FIN	FRA	196
FIN	DEU	599
FIN	GRC	13
FIN	HUN	23
FIN	ISL	3
FIN	IRL	11
FIN	ITA	145
FIN	JPN	110
FIN	LUX	3
FIN	MEX	38
FIN	NLD	384
FIN	NOR	182
FIN	POL	151
FIN	PRT	12
FIN	SWE	717
FIN	CHE	81
FIN	TUR	76
FIN	GBR	321
FIN	USA	393
FIN	CHL	24
FIN	EST	193
FIN	SVN	7
FIN	KOR	93
FIN	NZL	8
FIN	SVK	11
FIN	ESP	87
FIN	BRA	53
FIN	CHN	306
FIN	COL	14
FIN	IND	54
FIN	ISR	18
FIN	LVA	56
FIN	LTU	40
FIN	RUS	592
FIN	ZAF	41
FRA	AUS	323
FRA	AUT	417
FRA	BEL	3943
FRA	CAN	434
FRA	CZE	383
FRA	DNK	243
FRA	FIN	212
FRA	DEU	7759
FRA	GRC	246
FRA	HUN	316
FRA	ISL	6
FRA	IRL	267
FRA	ITA	3352
FRA	JPN	753
FRA	LUX	229
FRA	MEX	271
FRA	NLD	1947
FRA	NOR	164
FRA	POL	743
FRA	PRT	441
FRA	SWE	514
FRA	CHE	1444
FRA	TUR	693
FRA	GBR	3259
FRA	USA	2982
FRA	CHL	84
FRA	EST	33
FRA	SVN	85
FRA	KOR	470
FRA	NZL	49
FRA	SVK	232
FRA	ESP	3194
FRA	BRA	524
FRA	CHN	1631
FRA	COL	116
FRA	IND	300
FRA	ISR	134
FRA	LVA	31
FRA	LTU	56
FRA	RUS	849
FRA	ZAF	197
DEU	AUS	919
DEU	AUT	5366
DEU	BEL	5073
DEU	CAN	1245
DEU	CZE	3064
DEU	DNK	1685
DEU	FIN	810
DEU	FRA	9514
DEU	GRC	523
DEU	HUN	1926
DEU	ISL	34
DEU	IRL	594
DEU	ITA	5897
DEU	JPN	1897
DEU	LUX	617
DEU	MEX	993
DEU	NLD	7870
DEU	NOR	915
DEU	POL	4681
DEU	PRT	701
DEU	SWE	2289
DEU	CHE	5235
DEU	TUR	2379
DEU	GBR	8379
DEU	USA	9783
DEU	CHL	310
DEU	EST	185
DEU	SVN	454
DEU	KOR	1603
DEU	NZL	120
DEU	SVK	1179
DEU	ESP	3471
DEU	BRA	1262
DEU	CHN	7418
DEU	COL	161
DEU	IND	1017
DEU	ISR	402
DEU	LVA	156
DEU	LTU	272
DEU	RUS	3993
DEU	ZAF	944
GRC	AUS	14
GRC	AUT	19
GRC	BEL	35
GRC	CAN	12
GRC	CZE	18
GRC	DNK	14
GRC	FIN	15
GRC	FRA	67
GRC	DEU	195
GRC	HUN	10
GRC	IRL	4
GRC	ITA	271
GRC	JPN	5
GRC	MEX	13
GRC	NLD	47
GRC	NOR	5
GRC	POL	32
GRC	PRT	13
GRC	SWE	19
GRC	CHE	13
GRC	TUR	354
GRC	GBR	108
GRC	USA	103
GRC	CHL	1
GRC	EST	1
GRC	SVN	18
GRC	KOR	22
GRC	NZL	2
GRC	SVK	7
GRC	ESP	64
GRC	BRA	14
GRC	CHN	47
GRC	COL	1
GRC	IND	5
GRC	ISR	44
GRC	LVA	2
GRC	LTU	3
GRC	RUS	45
GRC	ZAF	4
HUN	AUS	25
HUN	AUT	407
HUN	BEL	131
HUN	CAN	35
HUN	CZE	287
HUN	DNK	66
HUN	FIN	25
HUN	FRA	352
HUN	DEU	2162
HUN	GRC	32
HUN	ISL	1
HUN	IRL	18
HUN	ITA	432
HUN	JPN	50
HUN	LUX	8
HUN	MEX	45
HUN	NLD	257
HUN	NOR	20
HUN	POL	351
HUN	PRT	23
HUN	SWE	89
HUN	CHE	89
HUN	TUR	158
HUN	GBR	354
HUN	USA	275
HUN	CHL	3
HUN	EST	18
HUN	SVN	106
HUN	KOR	25
HUN	NZL	2
HUN	SVK	473
HUN	ESP	227
HUN	BRA	34
HUN	CHN	166
HUN	COL	3
HUN	IND	18
HUN	ISR	30
HUN	LVA	16
HUN	LTU	21
HUN	RUS	282
HUN	ZAF	40
IRL	AUS	122
IRL	AUT	124
IRL	BEL	1346
IRL	CAN	112
IRL	CZE	70
IRL	DNK	99
IRL	FIN	52
IRL	FRA	738
IRL	DEU	1007
IRL	GRC	31
IRL	HUN	44
IRL	ISL	2
IRL	ITA	262
IRL	JPN	187
IRL	LUX	7
IRL	MEX	76
IRL	NLD	400
IRL	NOR	38
IRL	POL	90
IRL	PRT	37
IRL	SWE	89
IRL	CHE	567
IRL	TUR	47
IRL	GBR	1548
IRL	USA	2028
IRL	CHL	7
IRL	EST	3
IRL	SVN	4
IRL	KOR	36
IRL	NZL	10
IRL	SVK	7
IRL	ESP	295
IRL	BRA	29
IRL	CHN	157
IRL	COL	3
IRL	IND	31
IRL	ISR	54
IRL	LVA	5
IRL	LTU	4
IRL	RUS	71
IRL	ZAF	30
ITA	AUS	466
ITA	AUT	871
ITA	BEL	1168
ITA	CAN	470
ITA	CZE	475
ITA	DNK	278
ITA	FIN	170
ITA	FRA	3971
ITA	DEU	5258
ITA	GRC	417
ITA	HUN	358
ITA	ISL	14
ITA	IRL	93
ITA	JPN	667
ITA	LUX	54
ITA	MEX	364
ITA	NLD	1005
ITA	NOR	175
ITA	POL	1036
ITA	PRT	334
ITA	SWE	421
ITA	CHE	2261
ITA	TUR	1118
ITA	GBR	2167
ITA	USA	2992
ITA	CHL	99
ITA	EST	45
ITA	SVN	393
ITA	KOR	422
ITA	NZL	44
ITA	SVK	253
ITA	ESP	1900
ITA	BRA	564
ITA	CHN	1091
ITA	COL	68
ITA	IND	329
ITA	ISR	238
ITA	LVA	49
ITA	LTU	91
ITA	RUS	1196
ITA	ZAF	210
JPN	AUS	1521
JPN	AUT	189
JPN	BEL	773
JPN	CAN	1109
JPN	CZE	221
JPN	DNK	31
JPN	FIN	73
JPN	FRA	888
JPN	DEU	2157
JPN	GRC	13
JPN	HUN	104
JPN	ISL	6
JPN	IRL	114
JPN	ITA	284
JPN	LUX	12
JPN	MEX	807
JPN	NLD	1159
JPN	NOR	97
JPN	POL	134
JPN	PRT	28
JPN	SWE	105
JPN	CHE	277
JPN	TUR	194
JPN	GBR	926
JPN	USA	11200
JPN	CHL	141
JPN	EST	24
JPN	SVN	8
JPN	KOR	4709
JPN	NZL	182
JPN	SVK	30
JPN	ESP	174
JPN	BRA	472
JPN	CHN	10754
JPN	COL	102
JPN	IND	718
JPN	ISR	92
JPN	LVA	4
JPN	LTU	5
JPN	RUS	916
JPN	ZAF	288
MEX	AUS	169
MEX	AUT	28
MEX	BEL	160
MEX	CAN	2158
MEX	CZE	40
MEX	DNK	12
MEX	FIN	15
MEX	FRA	160
MEX	DEU	431
MEX	GRC	4
MEX	HUN	63
MEX	IRL	35
MEX	ITA	101
MEX	JPN	352
MEX	KOR	127
MEX	LUX	2
MEX	ISL	1
MEX	NLD	132
MEX	NOR	3
MEX	POL	13
MEX	PRT	5
MEX	SWE	7
MEX	CHE	92
MEX	TUR	30
MEX	GBR	120
MEX	USA	25003
MEX	CHL	174
MEX	EST	1
MEX	SVN	1
MEX	NZL	9
MEX	SVK	2
MEX	ESP	610
MEX	BRA	449
MEX	CHN	539
MEX	COL	395
MEX	IND	294
MEX	ISR	9
MEX	LVA	1
MEX	LTU	11
MEX	RUS	39
MEX	ZAF	20
NLD	AUS	140
NLD	AUT	375
NLD	BEL	7641
NLD	CAN	273
NLD	CZE	391
NLD	DNK	614
NLD	FIN	371
NLD	FRA	2407
NLD	DEU	9876
NLD	GRC	241
NLD	HUN	323
NLD	ISL	21
NLD	IRL	289
NLD	ITA	2286
NLD	JPN	376
NLD	KOR	386
NLD	LUX	102
NLD	MEX	350
NLD	NOR	411
NLD	POL	1021
NLD	PRT	282
NLD	SWE	853
NLD	CHE	617
NLD	TUR	534
NLD	GBR	4027
NLD	USA	1862
NLD	CHL	55
NLD	EST	87
NLD	SVN	77
NLD	NZL	34
NLD	SVK	157
NLD	ESP	1240
NLD	BRA	242
NLD	CHN	851
NLD	COL	51
NLD	IND	181
NLD	ISR	156
NLD	LVA	59
NLD	LTU	89
NLD	RUS	758
NLD	ZAF	217
NOR	AUS	34
NOR	AUT	33
NOR	BEL	691
NOR	CAN	304
NOR	CZE	120
NOR	DNK	475
NOR	FIN	131
NOR	FRA	588
NOR	DEU	2424
NOR	GRC	16
NOR	HUN	2
NOR	ISL	62
NOR	IRL	121
NOR	ITA	171
NOR	JPN	164
NOR	KOR	221
NOR	LUX	3
NOR	MEX	16
NOR	NLD	1485
NOR	NZL	2
NOR	POL	228
NOR	PRT	39
NOR	SWE	743
NOR	CHE	69
NOR	TUR	75
NOR	GBR	3124
NOR	USA	576
NOR	CHL	6
NOR	EST	15
NOR	SVN	4
NOR	SVK	3
NOR	ESP	235
NOR	BRA	71
NOR	CHN	230
NOR	COL	3
NOR	IND	22
NOR	ISR	9
NOR	LVA	13
NOR	LTU	35
NOR	RUS	122
NOR	ZAF	19
POL	AUS	46
POL	AUT	286
POL	BEL	371
POL	CAN	102
POL	CZE	891
POL	DNK	275
POL	FIN	146
POL	FRA	881
POL	DEU	3962
POL	GRC	48
POL	HUN	403
POL	ISL	7
POL	IRL	41
POL	ITA	731
POL	JPN	85
POL	KOR	60
POL	LUX	18
POL	MEX	63
POL	NLD	612
POL	NZL	6
POL	NOR	240
POL	PRT	55
POL	SWE	464
POL	CHE	141
POL	TUR	254
POL	GBR	1101
POL	USA	373
POL	CHL	8
POL	EST	92
POL	SVN	53
POL	SVK	446
POL	ESP	378
POL	BRA	48
POL	CHN	177
POL	COL	4
POL	IND	41
POL	ISR	40
POL	LVA	143
POL	LTU	258
POL	RUS	900
POL	ZAF	51
PRT	AUS	11
PRT	AUT	51
PRT	BEL	159
PRT	CAN	30
PRT	CZE	38
PRT	DNK	34
PRT	FIN	29
PRT	FRA	559
PRT	DEU	566
PRT	GRC	14
PRT	HUN	21
PRT	ISL	1
PRT	IRL	15
PRT	ITA	173
PRT	JPN	31
PRT	KOR	10
PRT	LUX	5
PRT	MEX	35
PRT	NLD	198
PRT	NZL	1
PRT	NOR	26
PRT	POL	49
PRT	SWE	50
PRT	CHE	46
PRT	TUR	42
PRT	GBR	287
PRT	USA	222
PRT	CHL	9
PRT	EST	3
PRT	SVN	3
PRT	SVK	10
PRT	ESP	1241
PRT	BRA	86
PRT	CHN	73
PRT	COL	4
PRT	IND	13
PRT	ISR	11
PRT	LVA	2
PRT	LTU	4
PRT	RUS	29
PRT	ZAF	18
SWE	AUS	172
SWE	AUT	139
SWE	BEL	741
SWE	CAN	156
SWE	CZE	112
SWE	DNK	1048
SWE	FIN	737
SWE	FRA	644
SWE	DEU	1547
SWE	GRC	29
SWE	HUN	81
SWE	ISL	17
SWE	IRL	41
SWE	ITA	345
SWE	JPN	194
SWE	KOR	100
SWE	LUX	8
SWE	MEX	102
SWE	NLD	745
SWE	NZL	17
SWE	NOR	998
SWE	POL	324
SWE	PRT	62
SWE	SVK	24
SWE	ESP	226
SWE	CHE	170
SWE	TUR	170
SWE	GBR	900
SWE	USA	869
SWE	CHL	35
SWE	EST	93
SWE	SVN	10
SWE	BRA	122
SWE	CHN	506
SWE	COL	11
SWE	IND	127
SWE	ISR	38
SWE	LVA	45
SWE	LTU	65
SWE	RUS	302
SWE	ZAF	93
CHE	AUS	239
CHE	AUT	754
CHE	BEL	429
CHE	CAN	321
CHE	CZE	125
CHE	DNK	69
CHE	FIN	76
CHE	FRA	1391
CHE	DEU	4226
CHE	GRC	51
CHE	HUN	52
CHE	ISL	7
CHE	IRL	92
CHE	ITA	1167
CHE	JPN	607
CHE	KOR	228
CHE	LUX	19
CHE	MEX	139
CHE	NLD	241
CHE	NZL	20
CHE	NOR	98
CHE	POL	132
CHE	PRT	31
CHE	SVK	46
CHE	ESP	480
CHE	SWE	97
CHE	TUR	179
CHE	GBR	985
CHE	USA	2235
CHE	CHL	27
CHE	EST	12
CHE	SVN	37
CHE	BRA	200
CHE	CHN	789
CHE	COL	40
CHE	IND	180
CHE	ISR	99
CHE	LVA	12
CHE	LTU	16
CHE	RUS	283
CHE	ZAF	63
TUR	AUS	52
TUR	AUT	132
TUR	BEL	357
TUR	CAN	107
TUR	CZE	95
TUR	DNK	81
TUR	FIN	42
TUR	FRA	663
TUR	DEU	1354
TUR	GRC	125
TUR	HUN	61
TUR	ISL	3
TUR	IRL	33
TUR	ITA	609
TUR	JPN	50
TUR	KOR	39
TUR	LUX	3
TUR	MEX	44
TUR	NLD	252
TUR	NZL	6
TUR	NOR	80
TUR	POL	201
TUR	PRT	32
TUR	SVK	36
TUR	ESP	362
TUR	SWE	107
TUR	CHE	107
TUR	GBR	896
TUR	USA	469
TUR	CHL	18
TUR	EST	16
TUR	SVN	56
TUR	BRA	78
TUR	CHN	300
TUR	COL	10
TUR	IND	49
TUR	ISR	221
TUR	LVA	13
TUR	LTU	34
TUR	RUS	581
TUR	ZAF	52
GBR	AUS	499
GBR	AUT	230
GBR	BEL	1937
GBR	CAN	682
GBR	CZE	226
GBR	DNK	427
GBR	FIN	203
GBR	FRA	2295
GBR	DEU	4678
GBR	GRC	129
GBR	HUN	155
GBR	ISL	19
GBR	IRL	1831
GBR	ITA	1057
GBR	JPN	547
GBR	KOR	633
GBR	LUX	31
GBR	MEX	209
GBR	NLD	3064
GBR	NZL	78
GBR	NOR	476
GBR	POL	447
GBR	PRT	183
GBR	SVK	60
GBR	ESP	1106
GBR	SWE	768
GBR	CHE	607
GBR	TUR	753
GBR	USA	5179
GBR	CHL	141
GBR	EST	42
GBR	SVN	27
GBR	BRA	336
GBR	CHN	1512
GBR	COL	44
GBR	IND	655
GBR	ISR	180
GBR	LVA	48
GBR	LTU	42
GBR	RUS	675
GBR	ZAF	314
USA	AUS	2024
USA	AUT	474
USA	BEL	2633
USA	CAN	20017
USA	CZE	259
USA	DNK	196
USA	FIN	217
USA	FRA	3617
USA	DEU	5368
USA	GRC	56
USA	HUN	177
USA	ISL	36
USA	IRL	577
USA	ITA	1277
USA	JPN	5995
USA	KOR	3463
USA	LUX	147
USA	MEX	15647
USA	NLD	2947
USA	NZL	269
USA	NOR	442
USA	POL	459
USA	PRT	93
USA	SVK	25
USA	ESP	853
USA	SWE	366
USA	CHE	1015
USA	TUR	1050
USA	GBR	4036
USA	CHL	1465
USA	EST	24
USA	SVN	23
USA	BRA	3676
USA	CHN	10168
USA	COL	1551
USA	IND	1823
USA	ISR	1145
USA	LVA	41
USA	LTU	71
USA	RUS	930
USA	ZAF	608
CHL	AUS	82
CHL	AUT	13
CHL	BEL	88
CHL	CAN	142
CHL	CZE	4
CHL	DNK	15
CHL	FIN	13
CHL	FRA	121
CHL	DEU	174
CHL	GRC	21
CHL	ISL	1
CHL	IRL	6
CHL	ITA	136
CHL	JPN	663
CHL	KOR	356
CHL	MEX	120
CHL	NLD	103
CHL	NZL	3
CHL	NOR	12
CHL	POL	22
CHL	PRT	4
CHL	ESP	115
CHL	SWE	17
CHL	CHE	7
CHL	TUR	34
CHL	GBR	79
CHL	USA	864
CHL	BRA	370
CHL	HUN	1
CHL	EST	1
CHL	SVN	2
CHL	CHN	1602
CHL	COL	72
CHL	IND	192
CHL	ISR	6
CHL	LVA	1
CHL	LTU	2
CHL	RUS	54
CHL	ZAF	9
EST	AUS	4
EST	AUT	4
EST	BEL	27
EST	CAN	7
EST	CZE	4
EST	DNK	29
EST	FIN	186
EST	FRA	26
EST	DEU	54
EST	GRC	1
EST	HUN	3
EST	ISL	3
EST	IRL	2
EST	ITA	9
EST	JPN	11
EST	KOR	12
EST	MEX	11
EST	NLD	26
EST	NOR	58
EST	POL	15
EST	PRT	3
EST	SVK	6
EST	ESP	12
EST	SWE	207
EST	CHE	4
EST	TUR	22
EST	GBR	19
EST	USA	35
EST	BRA	4
EST	CHN	13
EST	SVN	1
EST	IND	5
EST	ISR	1
EST	LVA	141
EST	LTU	79
EST	RUS	272
EST	ZAF	2
SVN	AUS	7
SVN	AUT	184
SVN	BEL	20
SVN	CAN	11
SVN	CZE	54
SVN	DNK	21
SVN	FIN	8
SVN	FRA	134
SVN	DEU	515
SVN	GRC	15
SVN	HUN	100
SVN	IRL	2
SVN	ITA	276
SVN	JPN	6
SVN	KOR	4
SVN	LUX	1
SVN	MEX	8
SVN	NLD	38
SVN	NZL	1
SVN	NOR	10
SVN	POL	59
SVN	PRT	5
SVN	SVK	44
SVN	ESP	27
SVN	SWE	17
SVN	CHE	33
SVN	TUR	25
SVN	GBR	41
SVN	USA	48
SVN	BRA	5
SVN	CHL	1
SVN	CHN	14
SVN	COL	1
SVN	EST	3
SVN	IND	8
SVN	ISR	4
SVN	LVA	4
SVN	LTU	7
SVN	RUS	113
SVN	ZAF	4
LUX	AUS	4
LUX	AUT	26
LUX	BEL	257
LUX	CAN	13
LUX	CZE	27
LUX	DNK	14
LUX	FIN	6
LUX	FRA	146
LUX	DEU	334
LUX	GRC	10
LUX	HUN	7
LUX	IRL	4
LUX	ITA	122
LUX	JPN	6
LUX	KOR	4
LUX	MEX	5
LUX	NLD	60
LUX	NOR	7
LUX	POL	27
LUX	PRT	3
LUX	SWE	17
LUX	CHE	15
LUX	TUR	11
LUX	GBR	47
LUX	USA	44
LUX	CHL	1
LUX	EST	1
LUX	SVN	3
LUX	SVK	5
LUX	ESP	25
LUX	BRA	5
LUX	CHN	18
LUX	COL	1
LUX	IND	4
LUX	ISR	1
LUX	LVA	1
LUX	LTU	2
LUX	RUS	17
LUX	ZAF	4
ISL	BEL	6
ISL	CAN	4
ISL	DNK	13
ISL	FIN	1
ISL	FRA	19
ISL	DEU	62
ISL	GRC	1
ISL	HUN	2
ISL	AUS	1
ISL	AUT	2
ISL	CZE	6
ISL	IRL	1
ISL	ITA	9
ISL	JPN	8
ISL	MEX	1
ISL	NLD	123
ISL	NOR	20
ISL	POL	5
ISL	PRT	5
ISL	SWE	2
ISL	CHE	4
ISL	TUR	1
ISL	GBR	39
ISL	USA	19
ISL	CHL	1
ISL	KOR	1
ISL	NZL	1
ISL	SVK	2
ISL	ESP	16
ISL	BRA	1
ISL	CHN	5
ISL	EST	1
ISL	LTU	7
ISL	RUS	14
KOR	AUS	817
KOR	AUT	89
KOR	BEL	228
KOR	CAN	594
KOR	CZE	250
KOR	DNK	90
KOR	FIN	51
KOR	FRA	430
KOR	DEU	883
KOR	GRC	112
KOR	HUN	95
KOR	ISL	4
KOR	IRL	45
KOR	ITA	261
KOR	JPN	2987
KOR	LUX	1
KOR	MEX	1124
KOR	NLD	318
KOR	NOR	134
KOR	POL	350
KOR	PRT	25
KOR	SWE	111
KOR	CHE	58
KOR	TUR	507
KOR	GBR	426
KOR	USA	5186
KOR	CHL	231
KOR	EST	12
KOR	SVN	59
NZL	AUS	595
NZL	AUT	6
NZL	BEL	30
NZL	CAN	42
NZL	CZE	3
NZL	DNK	8
NZL	FIN	3
NZL	FRA	39
NZL	DEU	63
NZL	GRC	3
NZL	HUN	1
NZL	IRL	6
NZL	ITA	27
NZL	JPN	224
NZL	MEX	31
NZL	NLD	44
NZL	NOR	4
NZL	POL	2
NZL	PRT	2
NZL	SWE	4
NZL	CHE	9
NZL	TUR	7
NZL	GBR	110
NZL	USA	290
NZL	CHL	9
SVK	AUS	26
SVK	AUT	337
SVK	BEL	96
SVK	CAN	25
SVK	CZE	699
SVK	DNK	36
SVK	FIN	26
SVK	FRA	327
SVK	DEU	1359
SVK	GRC	14
SVK	HUN	475
SVK	ISL	1
SVK	IRL	7
SVK	ITA	317
SVK	JPN	22
SVK	LUX	3
SVK	MEX	17
SVK	NLD	133
SVK	NOR	36
SVK	POL	338
SVK	PRT	14
SVK	SWE	81
SVK	CHE	87
SVK	TUR	93
SVK	GBR	235
SVK	USA	148
SVK	CHL	1
SVK	EST	8
SVK	SVN	32
ESP	AUS	206
ESP	AUT	236
ESP	BEL	721
ESP	CAN	135
ESP	CZE	195
ESP	DNK	124
ESP	FIN	98
ESP	FRA	3389
ESP	DEU	2632
ESP	GRC	153
ESP	HUN	109
ESP	ISL	5
ESP	IRL	81
ESP	ITA	1790
ESP	JPN	311
ESP	LUX	15
ESP	MEX	359
ESP	NLD	716
ESP	NOR	119
ESP	POL	364
ESP	PRT	2028
ESP	SWE	165
ESP	CHE	452
ESP	TUR	535
ESP	GBR	1556
ESP	USA	974
ESP	CHL	146
ESP	EST	15
ESP	SVN	47
BRA	AUS	46
BRA	AUT	39
BRA	BEL	265
BRA	CAN	293
BRA	CZE	23
BRA	DNK	50
BRA	FIN	72
BRA	FRA	372
BRA	DEU	988
BRA	GRC	10
BRA	HUN	11
BRA	ISL	31
BRA	IRL	23
BRA	ITA	355
BRA	JPN	914
BRA	MEX	368
BRA	NLD	631
BRA	NOR	109
BRA	POL	76
BRA	PRT	92
BRA	SWE	44
BRA	CHE	76
BRA	TUR	117
BRA	GBR	326
BRA	USA	2296
BRA	CHL	426
BRA	EST	4
BRA	SVN	12
CHN	AUS	3788
CHN	AUT	751
CHN	BEL	1441
CHN	CAN	4261
CHN	CZE	1289
CHN	DNK	554
CHN	FIN	407
CHN	FRA	4491
CHN	DEU	8124
CHN	GRC	244
CHN	HUN	447
CHN	ISL	33
CHN	IRL	331
CHN	ITA	2566
CHN	JPN	15065
CHN	LUX	10
CHN	MEX	5110
CHN	NLD	3480
CHN	NOR	686
CHN	POL	1615
CHN	PRT	151
CHN	SWE	560
CHN	CHE	1028
CHN	TUR	2057
CHN	GBR	4125
CHN	USA	36703
CHN	CHL	1308
CHN	EST	121
CHN	SVN	122
COL	AUS	4
COL	AUT	3
COL	BEL	54
COL	CAN	55
COL	CZE	3
COL	DNK	15
COL	FIN	7
COL	FRA	58
COL	DEU	170
COL	GRC	1
COL	IRL	6
COL	ITA	64
COL	JPN	37
COL	MEX	76
COL	NLD	148
COL	NOR	8
COL	POL	5
COL	PRT	22
COL	SWE	5
COL	CHE	16
COL	TUR	56
COL	GBR	102
COL	USA	1801
COL	CHL	143
IND	AUS	193
IND	AUT	63
IND	BEL	459
IND	CAN	241
IND	CZE	53
IND	DNK	67
IND	FIN	56
IND	FRA	485
IND	DEU	762
IND	GRC	36
IND	HUN	30
IND	ISL	3
IND	IRL	43
IND	ITA	440
IND	JPN	590
IND	LUX	1
IND	MEX	239
IND	NLD	463
IND	NOR	40
IND	POL	123
IND	PRT	43
IND	SWE	61
IND	CHE	137
IND	TUR	531
IND	GBR	805
IND	USA	3486
IND	CHL	62
IND	EST	7
IND	SVN	27
ISR	AUS	55
ISR	AUT	15
ISR	BEL	186
ISR	CAN	86
ISR	CZE	18
ISR	DNK	7
ISR	FIN	7
ISR	FRA	125
ISR	DEU	182
ISR	GRC	23
ISR	HUN	13
ISR	IRL	15
ISR	ITA	104
ISR	JPN	127
ISR	LUX	1
ISR	MEX	51
ISR	NLD	214
ISR	NOR	11
ISR	POL	26
ISR	PRT	12
ISR	SWE	13
ISR	CHE	49
ISR	TUR	201
ISR	GBR	242
ISR	USA	1890
ISR	CHL	11
ISR	EST	2
ISR	SVN	3
LVA	AUS	1
LVA	AUT	3
LVA	BEL	18
LVA	CAN	2
LVA	CZE	9
LVA	DNK	44
LVA	FIN	28
LVA	FRA	19
LVA	DEU	70
LVA	GRC	1
LVA	HUN	3
LVA	ISL	2
LVA	IRL	2
LVA	ITA	11
LVA	JPN	6
LVA	LUX	1
LVA	MEX	1
LVA	NLD	64
LVA	NOR	34
LVA	POL	26
LVA	SWE	57
LVA	CHE	4
LVA	TUR	14
LVA	GBR	66
LVA	USA	23
LVA	EST	98
LVA	SVN	1
LTU	AUS	4
LTU	AUT	9
LTU	BEL	35
LTU	CAN	15
LTU	CZE	19
LTU	DNK	46
LTU	FIN	36
LTU	FRA	82
LTU	DEU	191
LTU	GRC	3
LTU	HUN	16
LTU	ISL	2
LTU	IRL	7
LTU	ITA	43
LTU	JPN	10
LTU	LUX	2
LTU	MEX	1
LTU	NLD	62
LTU	NOR	70
LTU	POL	116
LTU	PRT	6
LTU	SWE	84
LTU	CHE	8
LTU	TUR	15
LTU	GBR	115
LTU	USA	128
LTU	EST	113
LTU	SVN	4
RUS	AUS	84
RUS	AUT	353
RUS	BEL	1099
RUS	CAN	79
RUS	CZE	662
RUS	DNK	222
RUS	FIN	1164
RUS	FRA	1170
RUS	DEU	4474
RUS	GRC	740
RUS	HUN	712
RUS	ISL	3
RUS	IRL	16
RUS	ITA	2222
RUS	JPN	1966
RUS	MEX	101
RUS	NLD	2285
RUS	NOR	129
RUS	POL	2106
RUS	PRT	110
RUS	SWE	582
RUS	CHE	86
RUS	TUR	2089
RUS	GBR	901
RUS	USA	2247
RUS	CHL	5
RUS	EST	156
RUS	SVN	56
ZAF	AUS	73
ZAF	AUT	58
ZAF	BEL	180
ZAF	CAN	55
ZAF	CZE	23
ZAF	DNK	8
ZAF	FIN	37
ZAF	FRA	89
ZAF	DEU	524
ZAF	GRC	6
ZAF	HUN	4
ZAF	IRL	10
ZAF	ITA	171
ZAF	JPN	561
ZAF	MEX	32
ZAF	NLD	161
ZAF	NOR	29
ZAF	POL	24
ZAF	PRT	12
ZAF	SWE	30
ZAF	CHE	98
ZAF	TUR	123
ZAF	GBR	322
ZAF	USA	707
ZAF	CHL	9
ZAF	EST	3
ZAF	SVN	3
